,Expert 1,Expert 2,Expert 3,Expert 4,Expert 5,Expert 6,Expert 7,Expert 8,Expert 9,Expert 10,Expert 11,Expert 1.1,Expert 2.1,Expert 3.1
0,"Initial Strategies || In this note, students are sharing their initial strategies for finding the area of the circle. One student counts full squares just in the circle, one student counts the area of the square that circumscribes the circle, and one student multiplies the diameter times 3 (estimate for pi). || This evidence shows early thinking toward the purpose of the lesson by showing understanding of the concept of area. One student also begins to reason about the relationship between the features of the circle (diameter in this case) and the area of the circle. ",Strategy: Underestimating by counting full squares only || The student is describing their strategy of counting the amount of whole unit squares in the circle and excluding any partial squares enclosed in the circle. This same student later states that the circle contains half squares and critiques another student's strategy because it may not account for the partial squares. || The student has an understanding that to estimate the area would be to estimate the number of squares that can fit inside the circle. The student is also showing and developing an understanding about accuracy in estimating by acknowledging that a more accurate strategy would account for the partial squares and not just the full squares.,"1 || The students are discussing the different ways they estimated the area of the circle and in particular considering a student who did 8*8 (which was the diameter) and the other student who did 8*pi. || This shows that students have familiarity with pi and that it is related to the circle and how we calculate characteristics of the circle's size.  This also shows that students understand that diameter (which is double the radius rather than square of the radius) is key to understanding the size of the circle.  Furthermore, the students do understand the concept of area as the number of squares inside the circle and get that partial squares are not the same as full squarse.",1 || The student counted each whole box as one within the circle. They did not count partial squares || The student understands area as the number of boxes fully contained inside the circle.,"relationship between pi and measure of circle || Students are trying to figure out how to calculate the area of the circle.  || Although they haven't figured out that the area is pi times radius squared, they have a sense that there's a relationship between pi and one of the measurements of a circle. They are misapplying it to area. ","1 || They're sharing their differing strategies for estimating the number of unit squares in the circle. One estimate is counting only whole squares inside and another counts all the unit squares within the rectangle encasing the circle. || This is a great first step in the lesson that shows that students are thinking about over and under estimating the area of the circle, and how to account for partial areas.","34 (counting inner shape of full squares) || This student estimated a conservative lower bound for the number of unit squares it would take to cover the circle by only counting the full squares in the circle. However, the inner shape composed by full squares the student talks about, that excludes the outside ring of incomplete squares, corresponds to only 32 squares. Any decision to include almost complete squares would add at least 4 or 8 squares, so I think that the 34 is due to an error in counting. || Not much, as they are not yet relating the radius squares or radio to the area of the circle nor using an outside square and estimating the circle as 3/4 of the total of the area of the square.","1 || Students are sharing different strategies for estimating the area of a circle. Student 2 counts the full unit squares inside the circle, ignoring partial squares. Student 3 estimates the area by counting across the circle and diagonally. Student 1 estimates by measuring the diameter and multiplying it by 3, showing some connection to the idea of œÄ. They also discuss and record each other‚Äôs estimates and strategies. || This evidence shows that students actively engage in estimation strategies and begin to reason about the relationship between linear measurements (like diameter) and area. Although their methods are still informal and not entirely accurate, they make meaningful attempts to approximate the location of a circle, setting the foundation for understanding that the area relates to the square of the radius and œÄ. Their willingness to compare strategies suggests developing mathematical reasoning and collaboration skills aligned to the lesson's goals.",1 || The student is sharing their strategy. || The student understands that the squares need to be complete to count as one. I wonder if the student is able to piece half of squares together and count those as one as well?,1 || They are figuring out how to find the area through counting squares on the inside of the circle. || They understand that area is defined by a space inside of the shape.,Full Squares || Student 2 counted full squares and didn't include partial squares near the circumference || This kid understands that area is the amount of square units covering a flat surface but I'm not sure yet if they understand their estimate was an underestimate,Strategy: Underestimating by counting full squares only || The student is describing their strategy of counting the amount of whole unit squares in the circle and excluding any partial squares enclosed in the circle. This same student later states that the circle contains half squares and critiques another student's strategy because it may not account for the partial squares. ,"34 (counting inner shape of full squares) || This student estimated a conservative lower bound for the number of unit squares it would take to cover the circle by only counting the full squares in the circle. However, the inner shape composed by full squares the student talks about, that excludes the outside ring of incomplete squares, corresponds to only 32 squares. Any decision to include almost complete squares would add at least 4 or 8 squares, so I think that the 34 is due to an error in counting. ",Full Squares || Student 2 counted full squares and didn't include partial squares near the circumference 
1,"Radius Squares * Pi || Here, students are discovering that 3 radius squares is less than the area of the circle and 4 radius squares is more than the area of the circle. They come to the understanding that the area is closest to pi radius squares.  || Through estimation, students understand that the circle's area is between 3 and 4 radius squares, eventually landing on pi. Students have made sense of the relationship between the radius squares and the area and can meet the first lesson goal through repeated reasoning in the next activity. ","Strategy 2: Overestimating using the area of a square circumscribing the circle || The student is explaining that they counted the height of the circle and the diagonal of the circle, and then multiplied these units together to get their estimate of 64 units. || This tells me that the student understands that there is a relationship between the dimensions of the circle (in this case the diameter) and the area of the circle. The student appears to be using the area of a square formula, either intentionally or unintentionally, because they do not identify this in their explanation. However, their estimate ends up producing the area of the square that would circumscribe the circle. 

This student does not discuss unit squares and their response does not indicate that they are sure if this estimate is accurate or reasonable. ","2 || The students are discussing how many (radius) squares they need to cover the area and deciding whether its 3 or 4.  They know 3 is not enough and 4 is too many (has excess) || This shows that they understand the area is the total space inside so 3 is not quite enough and 4 is too many. They are getting closer to using pi as the the number of (radius) squares they need to cover the circle. They are also using 16, which is the size of the (radius) square and multiplication.",2 || All students came up with an estimate.  || All students understood enough about area to make an estimate.,"3 radius squares = area of circle || students are deciding between using four radius squares and three.  || This is telilng me that they have a sense that four radius squares would be too many. They are trying to figure out how to get rid of the ""excess"" ","2 || They're discussing a strategy that incorporates pi, multiplying by pi because they know that pi relates to circles somehow. || They're trying to tie in their prior knowledge of the number pi, since they know it relates to circles somehow. This is great because it can help prime students to relate the estimate of area to pi, but it also seems like they're trying to randomly or formulaically apply pi without much sense making at this point. ","24 (diameter times 3) || The student used prior knowledge on how to calculate the perimeter of a circle (diameter times pi), rather than using unit squares to calculate the area of a circle. The student did not recognize that that formula is not appropriate for this task that requires estimating coverage (area) rather than surrounding (perimeter). The student thinks his estimate is the closest because he compares 24 against the multiplication of 8 times 3.14.  || Though they talk about Pi, they are just brining knowledge from prior classes rather than relating the radius squares or radio to the area of the circle nor using an outside square and estimating the circle as 3/4 of the total of the area of the square.","2 || Students are discussing how to calculate the area of a circle by relating it to the number of radius squares needed. They debate whether to multiply 16 by 3, 4, or 3.14, showing an evolving understanding that the number of radius squares needed to fill a circle relates to œÄ (approximately 3.14). They suggest strategies like multiplying the area of a radius square by œÄ and attempting to figure out how to deal with partial squares to get an accurate total. They also reference earlier visual models and animations to support their reasoning. || The students are making important connections between the radius, the concept of squaring the radius, and multiplying by œÄ to find the area. Their conversation shows that they recognize that three radius squares are not quite enough and that about 3.14 radius squares are needed, moving toward a conceptual understanding of why the formula for the area of a circle is 
ùê¥
=
ùúã
ùëü
2
A=œÄr 
2
 . While their language is informal and they are still negotiating the exact calculations, they are demonstrating meaningful progress toward understanding the relationship between the radius and the area, as intended by the lesson‚Äôs purpose.

",2 || Again student 2 is sharing deeper conceptual understanding that only whole squares count. || This piece of evidence tells me that the student needs a nudge towards thinking about putting half squares together,"2 || They are stating that the area is the diameter times pi || They understand finding the circumference, but are mistaking that for the area.",Length X Width || These kids are discussing what the area would be if the circle was a square and you could just multiply length x width || One kid points out that this wouldn't be completely accurate because of partial squares which seems to imply they think it will be an over-estimate because of the partial squares sitting outside of the circumference,"Strategy 2: Overestimating using the area of a square circumscribing the circle || The student is explaining that they counted the height of the circle and the diagonal of the circle, and then multiplied these units together to get their estimate of 64 units. ","24 (diameter times 3) || The student used prior knowledge on how to calculate the perimeter of a circle (diameter times pi), rather than using unit squares to calculate the area of a circle. The student did not recognize that that formula is not appropriate for this task that requires estimating coverage (area) rather than surrounding (perimeter). The student thinks his estimate is the closest because he compares 24 against the multiplication of 8 times 3.14.  ",Length X Width || These kids are discussing what the area would be if the circle was a square and you could just multiply length x width 
2,Cutting Radius Squares || Students are figuring out how to cut radius squares to equal the area of the circle. They are talking about cutting each radius square to fit the circle and keeping the excess.  || Students understand that they will need a bit more than 3 radius squares to fill the area of the circle - 3.14 radius squares to be exact. They know that they can rearrange the excess parts of the 3 radius squares and add a bit from a 4th one to equal the circle's area.,"Strategy 3: Using the circumference formula  || The student  (student 1) starts by clarifying what pi and saying it's like 3, and then describes the strategy they used to get their estimate, which was to count the diameter and then multiplied by 3, which they then revised after a Student 2 paraphrased them and said that student 1 multiplied 8 by pi.  || This tells me that the student understands or is guessing that pi is relevant when measuring a circle's area, potentially due to their prior interaction with the circumference formula. This also shows me that the student understands how to find the diameter of a circle and also understands that the diameter of the circle will likely be relevant or helpful in calculating the area of the full circle. 

The fact that the estimate is far too low to be reasonable shows me that they may struggle with checking their answer for accuracy or may be too focused on finding a formula rather than checking for reasonability. It also could potentially show a lower understanding of the overall concept of what area means. This student's strategy does not discuss the concept of unit squares at all and does not show that they understand which part of the circle they are being asked to measure.",3 || Students are discussing how to multiply 16 by 3.14. || Students are using the size of the radius square and multiplying it by their estimate of pi (3.14).  Then a student extrapolates to a more general understanding saying you would multiply the radius square by pi to get the area of the circle.,"3 || Area can be ""counted"" - assuming number of boxes. It seems like the student may have multiplied 8x8 to get 64.  || The student understands area as counting boxes within the square. ",,"3 || They're saying that 3 radius squares is not enough to fill the area of the circle (""still just gaps"")  but 4 radius squares is too much (""excess""). || As a teacher this shows me that they're ready to start cutting and trying to negotiate that amount between 3 and 4 radius squares. ","64 (8x8) || This student is calculating the area of the bounding square. I think this student is counting rather than multiplying 8 by 8 to get 64. I think what what they mean by going down and then diagonal is ""waterfall"" counting.  || Not much, as they are not yet relating the radius squares or radio to the area of the circle nor using an outside square and estimating the circle as 3/4 of the total of the area of the square.",,"3 || The student is explaining their strategy for finding the area of a circle.  || The student needs support in understanding how to find the area of a circle. The student needs a lot of redirection. I would ask the student ""Can you remind me of what area means"" ",3 || They are debating whether 3 or 4 of the squares will be used to fill the circle.  || They are struggling to understand that parts of a shape can be broken up to make a complete shape.,Pi x diameter || They are talking about multiplying pi times the diameter to find the area || They likely are trying to use the formula for circumference that they learned in a previous lesson to see if it will help them here,"Strategy 3: Using the circumference formula  || The student  (student 1) starts by clarifying what pi and saying it's like 3, and then describes the strategy they used to get their estimate, which was to count the diameter and then multiplied by 3, which they then revised after a Student 2 paraphrased them and said that student 1 multiplied 8 by pi.  ","64 (8x8) || This student is calculating the area of the bounding square. I think this student is counting rather than multiplying 8 by 8 to get 64. I think what what they mean by going down and then diagonal is ""waterfall"" counting.  ",Pi x diameter || They are talking about multiplying pi times the diameter to find the area 
3,,"Deciding between 3 and 4 radius squares to cover the circle || Students are debating how many radius squares it will take to cover the entire circle. Student 3 thinks they should do 16x4 since there are 16 unit squares inside of a radius square. Student 1 disagrees and thinks they should multiply 16 by 3 and clarifies that the animation they watched showed three squares. Student 2 chimes in and says that if they use 4 radius squares they can just cut off the extra and get rid of it. Student 1 says again that they think it's 3. Student 2 says if they use 3 there won't be any excess but they can't actually fill the circle unless they use 4 and that if the only goal is to fill the circle and it doesn't matter if there is excess, then 4 would be the correct answer. Student 3 says that 3 would only be a fraction of the circle. Student 2 says using 3 radius squares will have gaps.  || This tells me that students are understanding that it will take between 3 and 4 radius squares to cover  the circle. They are also showing understanding that they will need to multiply the number of unit squares within the radius square (16 unit squares) by the number of radius squares it takes to cover the circle. They are showing understanding that 3 will be too small but 4 will be too big. They are approaching or nearing the idea that the correct multiplier is pi or approximately 3.14.

A misconception is that they do not understand that they need to cover the circle perfectly without having any excess.",4 || Students are discussing pi and a student's recent visit to another school. || here students are progressing in their understanding of pi in multiple representations- a visual representation as the number of radius squares it took to cover their circle and a numerical representation as the first 100 digits of pi.  Both of these area important for the students to have a deeper connection to the conceptual understanding of the area of a circle as slightly more than 3 radius squares.,"4 || The student who counted 64 included half squares as whole squares. Therefore, 64 is incorrect.  || Understands that a partial square would not fully add to the total area. ",,"4 || The students decided that the number they were looking for had to be 3.14 since it was between 3 and 4, and they know that's a special circle #. They found the area of the radius square and multiplied that by pi. || This group of students correctly found the area of the circle, by multiplying pi by the area of the radius square (16). I would still want them to be able to describe where that .14  can be seen in the visual representation, but this is the next step to them getting to the formula A=pi*r^2. They can probably make sense of  A=pi*(Rad Square).","Under and overestimation || They are indirectly acknowledging that while counting the full circles is an underestimation of the area of the circle, counting all the squares, including incomplete ones, is an overestimation. || Not much, as they are not yet relating the radius squares or radio to the area of the circle nor using an outside square and estimating the circle as 3/4 of the total of the area of the square.",,4 || Here the student is explaining the tension between not enough and having way too many radius squares to fiill up the circle.  || This piece of evidence shows deep thinking about the purpose of the lesson as the students are productively working towards understanding the relationship between the area of a circle and the radius square.,"4 || That there should be approximately 3.14, or pi, squares to completely fill in the circle || They are showing that they can derive that slightly more than 3, or 3.14 squares fit inside the circle.  That can lead to making the connection that 3.14, or pi, times one the area of one of the squares inside with the length of the radius (i,e, radius^2), can be equal to the area of the circle.",4 radius squares || Considering if it might take 4 radius squares to cover the whole circle || They eventually agree that 3 would be an under-estimate and 4 would be an over-estimate. They seem to assume that only whole numbers of squares are possible so they conclude that you need four since three would be not enough.,"Deciding between 3 and 4 radius squares to cover the circle || Students are debating how many radius squares it will take to cover the entire circle. Student 3 thinks they should do 16x4 since there are 16 unit squares inside of a radius square. Student 1 disagrees and thinks they should multiply 16 by 3 and clarifies that the animation they watched showed three squares. Student 2 chimes in and says that if they use 4 radius squares they can just cut off the extra and get rid of it. Student 1 says again that they think it's 3. Student 2 says if they use 3 there won't be any excess but they can't actually fill the circle unless they use 4 and that if the only goal is to fill the circle and it doesn't matter if there is excess, then 4 would be the correct answer. Student 3 says that 3 would only be a fraction of the circle. Student 2 says using 3 radius squares will have gaps.  ","Under and overestimation || They are indirectly acknowledging that while counting the full circles is an underestimation of the area of the circle, counting all the squares, including incomplete ones, is an overestimation. ",4 radius squares || Considering if it might take 4 radius squares to cover the whole circle 
4,,"Discovery of area formula || Students are stating that the number of radius squares it takes to cover the entire circle is approximately equal to 3.14 or pi. Students are going to multiply the number of unit squares inside of a radius square (16) by pi. Student 1 clarifies that to find the area of a circle you get the area of a radius square and then multiply by pi. || Students are approaching understanding of the area formula, to know that you need to find the area of a radius square and then multiply by pi. One student is able to explain that concept. The other students are all aware that the number they have been looking for (the number of radius squares it takes to cover the circle) is equal to 3.14.",,5 || Pi is close to 3 || The student may recognize that pi needs to be involved in calculating the area of the circle,,5 || They're cutting out 3 radius squares to fill in the circle and are trying to figure out how to cut out exactly 0.14 of the square.  || This showed me that this group does understand that the 0.14 is the extra/partial amount that is needed to fully fill in the circle after using 3 whole radius squares.,"Under and overestimation but determined by based on a radius square || Students are answering question 3. They are discussing whether to include 3 or 4 radius squares to cover just the circle. They are realizing that including only 3 radius square is an underestimation, and including 4 is an overestimation. Student 1 argues in favor of 3, but mostly based on an intuition created by the animation. Student 2 interprets the task as at least filling the circle, rather than providing the most precise estimate. || They are developing the intuition that the area of a circle is somewhere in between radius square times 3 and the radius square times 4.",,"5 || Students were productively struggling with understanding the relationship between a radius square and a circle || The students were really getting at something as they productively struggled but this new piece of evidence tells me that they were just spoon fed a ""special number"" and now they know how to get the right answer but not WHY it is the right answer.",,3 radius squares || They are discussing whether 3 radius squares have enough area to cover the whole circle || They eventually agree that 3 would be an under-estimate and 4 would be an over-estimate,Discovery of area formula || Students are stating that the number of radius squares it takes to cover the entire circle is approximately equal to 3.14 or pi. Students are going to multiply the number of unit squares inside of a radius square (16) by pi. Student 1 clarifies that to find the area of a circle you get the area of a radius square and then multiply by pi. ,"Under and overestimation but determined by based on a radius square || Students are answering question 3. They are discussing whether to include 3 or 4 radius squares to cover just the circle. They are realizing that including only 3 radius square is an underestimation, and including 4 is an overestimation. Student 1 argues in favor of 3, but mostly based on an intuition created by the animation. Student 2 interprets the task as at least filling the circle, rather than providing the most precise estimate. ",3 radius squares || They are discussing whether 3 radius squares have enough area to cover the whole circle 
5,,"Debating how to cut 3.14 squares || Students are debating how to cut the exact number of squares that they need, which is 3.14. At first they say they will cut out 3 squares, but then they realize they need 3.14 squares and are trying to figure out how to cut .14 of a square. || Students are showing solid understanding of the fact that it will take approximately 3.14 radius squares to cover the circle.",,6 || Pi is an infinite number || Understands pi as an infinite value,,,"Formula || Guided by the teacher on using a ""special number"" and leveraging prior knowledge on the number Pi from calculating perimeter, they choose 3.14 as the number to multiply the radius square, and make the calculations. || They explicitly state the formula for the relationship between the radius of a circle and its area. But I don't see repeated reasoning nor making sense of the relationship between the radius of a circle, the square of the radius, and the area of the circle yet.",,6 || Student 2 begins to think like a mathematician and ask good questions that show his thinking about how radius squares relate to the circle. || This piece of evidence tells me that student to is eager to vizualize what this excess should look like and how it fits or doesn't fit within the circle.,,Pi times radius squared || Discussing how to calculate pi times the radius square || They seem to understand that pi times the area of the radius square will give them enough area to cover the circle (between 3 and 4),"Debating how to cut 3.14 squares || Students are debating how to cut the exact number of squares that they need, which is 3.14. At first they say they will cut out 3 squares, but then they realize they need 3.14 squares and are trying to figure out how to cut .14 of a square. ","Formula || Guided by the teacher on using a ""special number"" and leveraging prior knowledge on the number Pi from calculating perimeter, they choose 3.14 as the number to multiply the radius square, and make the calculations. ",Pi times radius squared || Discussing how to calculate pi times the radius square 
6,,,,7 || Students are multiplying the diameter (8) times an estimate of pi.  || Student 3 and Student 2 understand Student 1's method and are applying it. They are multiplying the diameter times pi.,,,"Visual understanding of the formula || Guided by the teacher, they anticipate that they need 3.14 radius squares. They discuss how to cut 0.14 of radius square, without arriving to a clear strategy nor focusing on the idea of estimating something around 3.  || Students are using radius squares to help students understand these relationships. But I don't see repeated reasoning to make sense of the relationship between the radius of a circle, the square of the radius, and the area of the circle.",,,,,,"Visual understanding of the formula || Guided by the teacher, they anticipate that they need 3.14 radius squares. They discuss how to cut 0.14 of radius square, without arriving to a clear strategy nor focusing on the idea of estimating something around 3.  ",
